Domain Code,Domain,Area Code (M49),Area,Element Code,Element,Item Code,Item,Year Code,Year,Unit,Value,Flag,Flag Description,Note
"FS","Suite of Food Security Indicators","004","Afghanistan","6132","Value","210071","Number of severely food insecure people (million) (3-year average)","20152017","2015-2017","millions","5.3","F","FAO estimate",""
"FS","Suite of Food Security Indicators","004","Afghanistan","6132","Value","210071","Number of severely food insecure people (million) (3-year average)","20162018","2016-2018","millions","6.3","F","FAO estimate",""
"FS","Suite of Food Security Indicators","004","Afghanistan","6132","Value","210071","Number of severely food insecure people (million) (3-year average)","20172019","2017-2019","millions","6.4","F","FAO estimate",""
"FS","Suite of Food Security Indicators","004","Afghanistan","6132","Value","210071","Number of severely food insecure people (million) (3-year average)","20182020","2018-2020","millions","7.5","F","FAO estimate",""
"FS","Suite of Food Security Indicators","051","Armenia","6132","Value","210071","Number of severely food insecure people (million) (3-year average)","20152017","2015-2017","millions","","NV","Data not available",""
"FS","Suite of Food Security Indicators","051","Armenia","6132","Value","210071","Number of severely food insecure people (million) (3-year average)","20162018","2016-2018","millions","<0.1","F","FAO estimate",""
"FS","Suite of Food Security Indicators","051","Armenia","6132","Value","210071","Number of severely food insecure people (million) (3-year average)","20172019","2017-2019","millions","<0.1","F","FAO estimate",""
"FS","Suite of Food Security Indicators","051","Armenia","6132","Value","210071","Number of severely food insecure people (million) (3-year average)","20182020","2018-2020","millions","<0.1","F","FAO estimate",""
"FS","Suite of Food Security Indicators","031","Azerbaijan","6132","Value","210071","Number of severely food insecure people (million) (3-year average)","20152017","2015-2017","millions","<0.1","F","FAO estimate",""
"FS","Suite of Food Security Indicators","031","Azerbaijan","6132","Value","210071","Number of severely food insecure people (million) (3-year average)","20162018","2016-2018","millions","<0.1","F","FAO estimate",""
"FS","Suite of Food Security Indicators","031","Azerbaijan","6132","Value","210071","Number of severely food insecure people (million) (3-year average)","20172019","2017-2019","millions","<0.1","F","FAO estimate",""
"FS","Suite of Food Security Indicators","031","Azerbaijan","6132","Value","210071","Number of severely food insecure people (million) (3-year average)","20182020","2018-2020","millions","<0.1","F","FAO estimate",""
"FS","Suite of Food Security Indicators","048","Bahrain","6132","Value","210071","Number of severely food insecure people (million) (3-year average)","20152017","2015-2017","millions","","NR","Not reported",""
"FS","Suite of Food Security Indicators","048","Bahrain","6132","Value","210071","Number of severely food insecure people (million) (3-year average)","20162018","2016-2018","millions","","NR","Not reported",""
"FS","Suite of Food Security Indicators","048","Bahrain","6132","Value","210071","Number of severely food insecure people (million) (3-year average)","20172019","2017-2019","millions","","NR","Not reported",""
"FS","Suite of Food Security Indicators","048","Bahrain","6132","Value","210071","Number of severely food insecure people (million) (3-year average)","20182020","2018-2020","millions","","NR","Not reported",""
"FS","Suite of Food Security Indicators","050","Bangladesh","6132","Value","210071","Number of severely food insecure people (million) (3-year average)","20152017","2015-2017","millions","19.6","F","FAO estimate",""
"FS","Suite of Food Security Indicators","050","Bangladesh","6132","Value","210071","Number of severely food insecure people (million) (3-year average)","20162018","2016-2018","millions","18.5","F","FAO estimate",""
"FS","Suite of Food Security Indicators","050","Bangladesh","6132","Value","210071","Number of severely food insecure people (million) (3-year average)","20172019","2017-2019","millions","17.2","F","FAO estimate",""
"FS","Suite of Food Security Indicators","050","Bangladesh","6132","Value","210071","Number of severely food insecure people (million) (3-year average)","20182020","2018-2020","millions","17.1","F","FAO estimate",""
"FS","Suite of Food Security Indicators","064","Bhutan","6132","Value","210071","Number of severely food insecure people (million) (3-year average)","20152017","2015-2017","millions","","NV","Data not available",""
"FS","Suite of Food Security Indicators","064","Bhutan","6132","Value","210071","Number of severely food insecure people (million) (3-year average)","20162018","2016-2018","millions","","NV","Data not available",""
"FS","Suite of Food Security Indicators","064","Bhutan","6132","Value","210071","Number of severely food insecure people (million) (3-year average)","20172019","2017-2019","millions","","NV","Data not available",""
"FS","Suite of Food Security Indicators","064","Bhutan","6132","Value","210071","Number of severely food insecure people (million) (3-year average)","20182020","2018-2020","millions","","NV","Data not available",""
"FS","Suite of Food Security Indicators","096","Brunei Darussalam","6132","Value","210071","Number of severely food insecure people (million) (3-year average)","20152017","2015-2017","millions","","NV","Data not available",""
"FS","Suite of Food Security Indicators","096","Brunei Darussalam","6132","Value","210071","Number of severely food insecure people (million) (3-year average)","20162018","2016-2018","millions","","NV","Data not available",""
"FS","Suite of Food Security Indicators","096","Brunei Darussalam","6132","Value","210071","Number of severely food insecure people (million) (3-year average)","20172019","2017-2019","millions","","NV","Data not available",""
"FS","Suite of Food Security Indicators","096","Brunei Darussalam","6132","Value","210071","Number of severely food insecure people (million) (3-year average)","20182020","2018-2020","millions","","NV","Data not available",""
"FS","Suite of Food Security Indicators","116","Cambodia","6132","Value","210071","Number of severely food insecure people (million) (3-year average)","20152017","2015-2017","millions","2.2","F","FAO estimate",""
"FS","Suite of Food Security Indicators","116","Cambodia","6132","Value","210071","Number of severely food insecure people (million) (3-year average)","20162018","2016-2018","millions","2.2","F","FAO estimate",""
"FS","Suite of Food Security Indicators","116","Cambodia","6132","Value","210071","Number of severely food insecure people (million) (3-year average)","20172019","2017-2019","millions","2.2","F","FAO estimate",""
"FS","Suite of Food Security Indicators","116","Cambodia","6132","Value","210071","Number of severely food insecure people (million) (3-year average)","20182020","2018-2020","millions","2.2","F","FAO estimate",""
"FS","Suite of Food Security Indicators","344","China, Hong Kong SAR","6132","Value","210071","Number of severely food insecure people (million) (3-year average)","20152017","2015-2017","millions","","NR","Not reported",""
"FS","Suite of Food Security Indicators","344","China, Hong Kong SAR","6132","Value","210071","Number of severely food insecure people (million) (3-year average)","20162018","2016-2018","millions","","NR","Not reported",""
"FS","Suite of Food Security Indicators","344","China, Hong Kong SAR","6132","Value","210071","Number of severely food insecure people (million) (3-year average)","20172019","2017-2019","millions","","NR","Not reported",""
"FS","Suite of Food Security Indicators","344","China, Hong Kong SAR","6132","Value","210071","Number of severely food insecure people (million) (3-year average)","20182020","2018-2020","millions","","NR","Not reported",""
"FS","Suite of Food Security Indicators","446","China, Macao SAR","6132","Value","210071","Number of severely food insecure people (million) (3-year average)","20152017","2015-2017","millions","","NV","Data not available",""
"FS","Suite of Food Security Indicators","446","China, Macao SAR","6132","Value","210071","Number of severely food insecure people (million) (3-year average)","20162018","2016-2018","millions","","NV","Data not available",""
"FS","Suite of Food Security Indicators","446","China, Macao SAR","6132","Value","210071","Number of severely food insecure people (million) (3-year average)","20172019","2017-2019","millions","","NV","Data not available",""
"FS","Suite of Food Security Indicators","446","China, Macao SAR","6132","Value","210071","Number of severely food insecure people (million) (3-year average)","20182020","2018-2020","millions","","NV","Data not available",""
"FS","Suite of Food Security Indicators","156","China, mainland","6132","Value","210071","Number of severely food insecure people (million) (3-year average)","20152017","2015-2017","millions","","NR","Not reported",""
"FS","Suite of Food Security Indicators","156","China, mainland","6132","Value","210071","Number of severely food insecure people (million) (3-year average)","20162018","2016-2018","millions","","NR","Not reported",""
"FS","Suite of Food Security Indicators","156","China, mainland","6132","Value","210071","Number of severely food insecure people (million) (3-year average)","20172019","2017-2019","millions","","NR","Not reported",""
"FS","Suite of Food Security Indicators","156","China, mainland","6132","Value","210071","Number of severely food insecure people (million) (3-year average)","20182020","2018-2020","millions","","NR","Not reported",""
"FS","Suite of Food Security Indicators","158","China, Taiwan Province of","6132","Value","210071","Number of severely food insecure people (million) (3-year average)","20152017","2015-2017","millions","","NR","Not reported",""
"FS","Suite of Food Security Indicators","158","China, Taiwan Province of","6132","Value","210071","Number of severely food insecure people (million) (3-year average)","20162018","2016-2018","millions","","NR","Not reported",""
"FS","Suite of Food Security Indicators","158","China, Taiwan Province of","6132","Value","210071","Number of severely food insecure people (million) (3-year average)","20172019","2017-2019","millions","","NR","Not reported",""
"FS","Suite of Food Security Indicators","158","China, Taiwan Province of","6132","Value","210071","Number of severely food insecure people (million) (3-year average)","20182020","2018-2020","millions","","NR","Not reported",""
"FS","Suite of Food Security Indicators","196","Cyprus","6132","Value","210071","Number of severely food insecure people (million) (3-year average)","20152017","2015-2017","millions","","NR","Not reported",""
"FS","Suite of Food Security Indicators","196","Cyprus","6132","Value","210071","Number of severely food insecure people (million) (3-year average)","20162018","2016-2018","millions","","NR","Not reported",""
"FS","Suite of Food Security Indicators","196","Cyprus","6132","Value","210071","Number of severely food insecure people (million) (3-year average)","20172019","2017-2019","millions","","NR","Not reported",""
"FS","Suite of Food Security Indicators","196","Cyprus","6132","Value","210071","Number of severely food insecure people (million) (3-year average)","20182020","2018-2020","millions","","NR","Not reported",""
"FS","Suite of Food Security Indicators","408","Democratic People's Republic of Korea","6132","Value","210071","Number of severely food insecure people (million) (3-year average)","20152017","2015-2017","millions","","NV","Data not available",""
"FS","Suite of Food Security Indicators","408","Democratic People's Republic of Korea","6132","Value","210071","Number of severely food insecure people (million) (3-year average)","20162018","2016-2018","millions","","NV","Data not available",""
"FS","Suite of Food Security Indicators","408","Democratic People's Republic of Korea","6132","Value","210071","Number of severely food insecure people (million) (3-year average)","20172019","2017-2019","millions","","NV","Data not available",""
"FS","Suite of Food Security Indicators","408","Democratic People's Republic of Korea","6132","Value","210071","Number of severely food insecure people (million) (3-year average)","20182020","2018-2020","millions","","NV","Data not available",""
"FS","Suite of Food Security Indicators","268","Georgia","6132","Value","210071","Number of severely food insecure people (million) (3-year average)","20152017","2015-2017","millions","0.3","F","FAO estimate",""
"FS","Suite of Food Security Indicators","268","Georgia","6132","Value","210071","Number of severely food insecure people (million) (3-year average)","20162018","2016-2018","millions","0.3","F","FAO estimate",""
"FS","Suite of Food Security Indicators","268","Georgia","6132","Value","210071","Number of severely food insecure people (million) (3-year average)","20172019","2017-2019","millions","0.3","F","FAO estimate",""
"FS","Suite of Food Security Indicators","268","Georgia","6132","Value","210071","Number of severely food insecure people (million) (3-year average)","20182020","2018-2020","millions","0.4","F","FAO estimate",""
"FS","Suite of Food Security Indicators","356","India","6132","Value","210071","Number of severely food insecure people (million) (3-year average)","20152017","2015-2017","millions","","NR","Not reported",""
"FS","Suite of Food Security Indicators","356","India","6132","Value","210071","Number of severely food insecure people (million) (3-year average)","20162018","2016-2018","millions","","NR","Not reported",""
"FS","Suite of Food Security Indicators","356","India","6132","Value","210071","Number of severely food insecure people (million) (3-year average)","20172019","2017-2019","millions","","NR","Not reported",""
"FS","Suite of Food Security Indicators","356","India","6132","Value","210071","Number of severely food insecure people (million) (3-year average)","20182020","2018-2020","millions","","NR","Not reported",""
"FS","Suite of Food Security Indicators","360","Indonesia","6132","Value","210071","Number of severely food insecure people (million) (3-year average)","20152017","2015-2017","millions","2.3","F","FAO estimate",""
"FS","Suite of Food Security Indicators","360","Indonesia","6132","Value","210071","Number of severely food insecure people (million) (3-year average)","20162018","2016-2018","millions","2.4","F","FAO estimate",""
"FS","Suite of Food Security Indicators","360","Indonesia","6132","Value","210071","Number of severely food insecure people (million) (3-year average)","20172019","2017-2019","millions","2.2","F","FAO estimate",""
"FS","Suite of Food Security Indicators","360","Indonesia","6132","Value","210071","Number of severely food insecure people (million) (3-year average)","20182020","2018-2020","millions","1.9","F","FAO estimate",""
"FS","Suite of Food Security Indicators","364","Iran (Islamic Republic of)","6132","Value","210071","Number of severely food insecure people (million) (3-year average)","20152017","2015-2017","millions","7.4","F","FAO estimate",""
"FS","Suite of Food Security Indicators","364","Iran (Islamic Republic of)","6132","Value","210071","Number of severely food insecure people (million) (3-year average)","20162018","2016-2018","millions","7","F","FAO estimate",""
"FS","Suite of Food Security Indicators","364","Iran (Islamic Republic of)","6132","Value","210071","Number of severely food insecure people (million) (3-year average)","20172019","2017-2019","millions","6.9","F","FAO estimate",""
"FS","Suite of Food Security Indicators","364","Iran (Islamic Republic of)","6132","Value","210071","Number of severely food insecure people (million) (3-year average)","20182020","2018-2020","millions","7.2","F","FAO estimate",""
"FS","Suite of Food Security Indicators","368","Iraq","6132","Value","210071","Number of severely food insecure people (million) (3-year average)","20152017","2015-2017","millions","","NR","Not reported",""
"FS","Suite of Food Security Indicators","368","Iraq","6132","Value","210071","Number of severely food insecure people (million) (3-year average)","20162018","2016-2018","millions","","NR","Not reported",""
"FS","Suite of Food Security Indicators","368","Iraq","6132","Value","210071","Number of severely food insecure people (million) (3-year average)","20172019","2017-2019","millions","","NR","Not reported",""
"FS","Suite of Food Security Indicators","368","Iraq","6132","Value","210071","Number of severely food insecure people (million) (3-year average)","20182020","2018-2020","millions","","NR","Not reported",""
"FS","Suite of Food Security Indicators","376","Israel","6132","Value","210071","Number of severely food insecure people (million) (3-year average)","20152017","2015-2017","millions","0.1","F","FAO estimate",""
"FS","Suite of Food Security Indicators","376","Israel","6132","Value","210071","Number of severely food insecure people (million) (3-year average)","20162018","2016-2018","millions","0.1","F","FAO estimate",""
"FS","Suite of Food Security Indicators","376","Israel","6132","Value","210071","Number of severely food insecure people (million) (3-year average)","20172019","2017-2019","millions","0.1","F","FAO estimate",""
"FS","Suite of Food Security Indicators","376","Israel","6132","Value","210071","Number of severely food insecure people (million) (3-year average)","20182020","2018-2020","millions","0.2","F","FAO estimate",""
"FS","Suite of Food Security Indicators","392","Japan","6132","Value","210071","Number of severely food insecure people (million) (3-year average)","20152017","2015-2017","millions","0.5","F","FAO estimate",""
"FS","Suite of Food Security Indicators","392","Japan","6132","Value","210071","Number of severely food insecure people (million) (3-year average)","20162018","2016-2018","millions","0.7","F","FAO estimate",""
"FS","Suite of Food Security Indicators","392","Japan","6132","Value","210071","Number of severely food insecure people (million) (3-year average)","20172019","2017-2019","millions","0.9","F","FAO estimate",""
"FS","Suite of Food Security Indicators","392","Japan","6132","Value","210071","Number of severely food insecure people (million) (3-year average)","20182020","2018-2020","millions","0.8","F","FAO estimate",""
"FS","Suite of Food Security Indicators","400","Jordan","6132","Value","210071","Number of severely food insecure people (million) (3-year average)","20152017","2015-2017","millions","","NR","Not reported",""
"FS","Suite of Food Security Indicators","400","Jordan","6132","Value","210071","Number of severely food insecure people (million) (3-year average)","20162018","2016-2018","millions","","NR","Not reported",""
"FS","Suite of Food Security Indicators","400","Jordan","6132","Value","210071","Number of severely food insecure people (million) (3-year average)","20172019","2017-2019","millions","","NR","Not reported",""
"FS","Suite of Food Security Indicators","400","Jordan","6132","Value","210071","Number of severely food insecure people (million) (3-year average)","20182020","2018-2020","millions","","NR","Not reported",""
"FS","Suite of Food Security Indicators","398","Kazakhstan","6132","Value","210071","Number of severely food insecure people (million) (3-year average)","20152017","2015-2017","millions","","NV","Data not available",""
"FS","Suite of Food Security Indicators","398","Kazakhstan","6132","Value","210071","Number of severely food insecure people (million) (3-year average)","20162018","2016-2018","millions","<0.1","F","FAO estimate",""
"FS","Suite of Food Security Indicators","398","Kazakhstan","6132","Value","210071","Number of severely food insecure people (million) (3-year average)","20172019","2017-2019","millions","<0.1","F","FAO estimate",""
"FS","Suite of Food Security Indicators","398","Kazakhstan","6132","Value","210071","Number of severely food insecure people (million) (3-year average)","20182020","2018-2020","millions","<0.1","F","FAO estimate",""
"FS","Suite of Food Security Indicators","414","Kuwait","6132","Value","210071","Number of severely food insecure people (million) (3-year average)","20152017","2015-2017","millions","0.2","F","FAO estimate",""
"FS","Suite of Food Security Indicators","414","Kuwait","6132","Value","210071","Number of severely food insecure people (million) (3-year average)","20162018","2016-2018","millions","0.2","F","FAO estimate",""
"FS","Suite of Food Security Indicators","414","Kuwait","6132","Value","210071","Number of severely food insecure people (million) (3-year average)","20172019","2017-2019","millions","0.2","F","FAO estimate",""
"FS","Suite of Food Security Indicators","414","Kuwait","6132","Value","210071","Number of severely food insecure people (million) (3-year average)","20182020","2018-2020","millions","0.2","F","FAO estimate",""
"FS","Suite of Food Security Indicators","417","Kyrgyzstan","6132","Value","210071","Number of severely food insecure people (million) (3-year average)","20152017","2015-2017","millions","","NV","Data not available",""
"FS","Suite of Food Security Indicators","417","Kyrgyzstan","6132","Value","210071","Number of severely food insecure people (million) (3-year average)","20162018","2016-2018","millions","<0.1","F","FAO estimate",""
"FS","Suite of Food Security Indicators","417","Kyrgyzstan","6132","Value","210071","Number of severely food insecure people (million) (3-year average)","20172019","2017-2019","millions","<0.1","F","FAO estimate",""
"FS","Suite of Food Security Indicators","417","Kyrgyzstan","6132","Value","210071","Number of severely food insecure people (million) (3-year average)","20182020","2018-2020","millions","<0.1","F","FAO estimate",""
"FS","Suite of Food Security Indicators","418","Lao People's Democratic Republic","6132","Value","210071","Number of severely food insecure people (million) (3-year average)","20152017","2015-2017","millions","","NV","Data not available",""
"FS","Suite of Food Security Indicators","418","Lao People's Democratic Republic","6132","Value","210071","Number of severely food insecure people (million) (3-year average)","20162018","2016-2018","millions","","NV","Data not available",""
"FS","Suite of Food Security Indicators","418","Lao People's Democratic Republic","6132","Value","210071","Number of severely food insecure people (million) (3-year average)","20172019","2017-2019","millions","","NV","Data not available",""
"FS","Suite of Food Security Indicators","418","Lao People's Democratic Republic","6132","Value","210071","Number of severely food insecure people (million) (3-year average)","20182020","2018-2020","millions","0.6","F","FAO estimate",""
"FS","Suite of Food Security Indicators","422","Lebanon","6132","Value","210071","Number of severely food insecure people (million) (3-year average)","20152017","2015-2017","millions","","NR","Not reported",""
"FS","Suite of Food Security Indicators","422","Lebanon","6132","Value","210071","Number of severely food insecure people (million) (3-year average)","20162018","2016-2018","millions","","NR","Not reported",""
"FS","Suite of Food Security Indicators","422","Lebanon","6132","Value","210071","Number of severely food insecure people (million) (3-year average)","20172019","2017-2019","millions","","NR","Not reported",""
"FS","Suite of Food Security Indicators","422","Lebanon","6132","Value","210071","Number of severely food insecure people (million) (3-year average)","20182020","2018-2020","millions","","NR","Not reported",""
"FS","Suite of Food Security Indicators","458","Malaysia","6132","Value","210071","Number of severely food insecure people (million) (3-year average)","20152017","2015-2017","millions","2.1","F","FAO estimate",""
"FS","Suite of Food Security Indicators","458","Malaysia","6132","Value","210071","Number of severely food insecure people (million) (3-year average)","20162018","2016-2018","millions","2.1","F","FAO estimate",""
"FS","Suite of Food Security Indicators","458","Malaysia","6132","Value","210071","Number of severely food insecure people (million) (3-year average)","20172019","2017-2019","millions","2.1","F","FAO estimate",""
"FS","Suite of Food Security Indicators","458","Malaysia","6132","Value","210071","Number of severely food insecure people (million) (3-year average)","20182020","2018-2020","millions","2.4","F","FAO estimate",""
"FS","Suite of Food Security Indicators","462","Maldives","6132","Value","210071","Number of severely food insecure people (million) (3-year average)","20152017","2015-2017","millions","","NV","Data not available",""
"FS","Suite of Food Security Indicators","462","Maldives","6132","Value","210071","Number of severely food insecure people (million) (3-year average)","20162018","2016-2018","millions","","NV","Data not available",""
"FS","Suite of Food Security Indicators","462","Maldives","6132","Value","210071","Number of severely food insecure people (million) (3-year average)","20172019","2017-2019","millions","","NV","Data not available",""
"FS","Suite of Food Security Indicators","462","Maldives","6132","Value","210071","Number of severely food insecure people (million) (3-year average)","20182020","2018-2020","millions","","NV","Data not available",""
"FS","Suite of Food Security Indicators","496","Mongolia","6132","Value","210071","Number of severely food insecure people (million) (3-year average)","20152017","2015-2017","millions","0.2","F","FAO estimate",""
"FS","Suite of Food Security Indicators","496","Mongolia","6132","Value","210071","Number of severely food insecure people (million) (3-year average)","20162018","2016-2018","millions","0.2","F","FAO estimate",""
"FS","Suite of Food Security Indicators","496","Mongolia","6132","Value","210071","Number of severely food insecure people (million) (3-year average)","20172019","2017-2019","millions","0.2","F","FAO estimate",""
"FS","Suite of Food Security Indicators","496","Mongolia","6132","Value","210071","Number of severely food insecure people (million) (3-year average)","20182020","2018-2020","millions","0.2","F","FAO estimate",""
"FS","Suite of Food Security Indicators","104","Myanmar","6132","Value","210071","Number of severely food insecure people (million) (3-year average)","20152017","2015-2017","millions","","NV","Data not available",""
"FS","Suite of Food Security Indicators","104","Myanmar","6132","Value","210071","Number of severely food insecure people (million) (3-year average)","20162018","2016-2018","millions","","NV","Data not available",""
"FS","Suite of Food Security Indicators","104","Myanmar","6132","Value","210071","Number of severely food insecure people (million) (3-year average)","20172019","2017-2019","millions","","NV","Data not available",""
"FS","Suite of Food Security Indicators","104","Myanmar","6132","Value","210071","Number of severely food insecure people (million) (3-year average)","20182020","2018-2020","millions","1","F","FAO estimate",""
"FS","Suite of Food Security Indicators","524","Nepal","6132","Value","210071","Number of severely food insecure people (million) (3-year average)","20152017","2015-2017","millions","2.6","F","FAO estimate",""
"FS","Suite of Food Security Indicators","524","Nepal","6132","Value","210071","Number of severely food insecure people (million) (3-year average)","20162018","2016-2018","millions","2.6","F","FAO estimate",""
"FS","Suite of Food Security Indicators","524","Nepal","6132","Value","210071","Number of severely food insecure people (million) (3-year average)","20172019","2017-2019","millions","2.9","F","FAO estimate",""
"FS","Suite of Food Security Indicators","524","Nepal","6132","Value","210071","Number of severely food insecure people (million) (3-year average)","20182020","2018-2020","millions","3.4","F","FAO estimate",""
"FS","Suite of Food Security Indicators","512","Oman","6132","Value","210071","Number of severely food insecure people (million) (3-year average)","20152017","2015-2017","millions","","NV","Data not available",""
"FS","Suite of Food Security Indicators","512","Oman","6132","Value","210071","Number of severely food insecure people (million) (3-year average)","20162018","2016-2018","millions","","NV","Data not available",""
"FS","Suite of Food Security Indicators","512","Oman","6132","Value","210071","Number of severely food insecure people (million) (3-year average)","20172019","2017-2019","millions","","NV","Data not available",""
"FS","Suite of Food Security Indicators","512","Oman","6132","Value","210071","Number of severely food insecure people (million) (3-year average)","20182020","2018-2020","millions","","NV","Data not available",""
"FS","Suite of Food Security Indicators","586","Pakistan","6132","Value","210071","Number of severely food insecure people (million) (3-year average)","20152017","2015-2017","millions","","NR","Not reported",""
"FS","Suite of Food Security Indicators","586","Pakistan","6132","Value","210071","Number of severely food insecure people (million) (3-year average)","20162018","2016-2018","millions","","NR","Not reported",""
"FS","Suite of Food Security Indicators","586","Pakistan","6132","Value","210071","Number of severely food insecure people (million) (3-year average)","20172019","2017-2019","millions","","NR","Not reported",""
"FS","Suite of Food Security Indicators","586","Pakistan","6132","Value","210071","Number of severely food insecure people (million) (3-year average)","20182020","2018-2020","millions","","NR","Not reported",""
"FS","Suite of Food Security Indicators","275","Palestine","6132","Value","210071","Number of severely food insecure people (million) (3-year average)","20152017","2015-2017","millions","","NV","Data not available",""
"FS","Suite of Food Security Indicators","275","Palestine","6132","Value","210071","Number of severely food insecure people (million) (3-year average)","20162018","2016-2018","millions","0.2","F","FAO estimate",""
"FS","Suite of Food Security Indicators","275","Palestine","6132","Value","210071","Number of severely food insecure people (million) (3-year average)","20172019","2017-2019","millions","0.2","F","FAO estimate",""
"FS","Suite of Food Security Indicators","275","Palestine","6132","Value","210071","Number of severely food insecure people (million) (3-year average)","20182020","2018-2020","millions","0.2","F","FAO estimate",""
"FS","Suite of Food Security Indicators","608","Philippines","6132","Value","210071","Number of severely food insecure people (million) (3-year average)","20152017","2015-2017","millions","","NV","Data not available",""
"FS","Suite of Food Security Indicators","608","Philippines","6132","Value","210071","Number of severely food insecure people (million) (3-year average)","20162018","2016-2018","millions","","NV","Data not available",""
"FS","Suite of Food Security Indicators","608","Philippines","6132","Value","210071","Number of severely food insecure people (million) (3-year average)","20172019","2017-2019","millions","3.4","F","FAO estimate",""
"FS","Suite of Food Security Indicators","608","Philippines","6132","Value","210071","Number of severely food insecure people (million) (3-year average)","20182020","2018-2020","millions","4.3","F","FAO estimate",""
"FS","Suite of Food Security Indicators","634","Qatar","6132","Value","210071","Number of severely food insecure people (million) (3-year average)","20152017","2015-2017","millions","","NV","Data not available",""
"FS","Suite of Food Security Indicators","634","Qatar","6132","Value","210071","Number of severely food insecure people (million) (3-year average)","20162018","2016-2018","millions","","NV","Data not available",""
"FS","Suite of Food Security Indicators","634","Qatar","6132","Value","210071","Number of severely food insecure people (million) (3-year average)","20172019","2017-2019","millions","","NV","Data not available",""
"FS","Suite of Food Security Indicators","634","Qatar","6132","Value","210071","Number of severely food insecure people (million) (3-year average)","20182020","2018-2020","millions","","NV","Data not available",""
"FS","Suite of Food Security Indicators","410","Republic of Korea","6132","Value","210071","Number of severely food insecure people (million) (3-year average)","20152017","2015-2017","millions","0.2","F","FAO estimate",""
"FS","Suite of Food Security Indicators","410","Republic of Korea","6132","Value","210071","Number of severely food insecure people (million) (3-year average)","20162018","2016-2018","millions","0.2","F","FAO estimate",""
"FS","Suite of Food Security Indicators","410","Republic of Korea","6132","Value","210071","Number of severely food insecure people (million) (3-year average)","20172019","2017-2019","millions","0.2","F","FAO estimate",""
"FS","Suite of Food Security Indicators","410","Republic of Korea","6132","Value","210071","Number of severely food insecure people (million) (3-year average)","20182020","2018-2020","millions","0.3","F","FAO estimate",""
"FS","Suite of Food Security Indicators","682","Saudi Arabia","6132","Value","210071","Number of severely food insecure people (million) (3-year average)","20152017","2015-2017","millions","","NR","Not reported",""
"FS","Suite of Food Security Indicators","682","Saudi Arabia","6132","Value","210071","Number of severely food insecure people (million) (3-year average)","20162018","2016-2018","millions","","NR","Not reported",""
"FS","Suite of Food Security Indicators","682","Saudi Arabia","6132","Value","210071","Number of severely food insecure people (million) (3-year average)","20172019","2017-2019","millions","","NR","Not reported",""
"FS","Suite of Food Security Indicators","682","Saudi Arabia","6132","Value","210071","Number of severely food insecure people (million) (3-year average)","20182020","2018-2020","millions","","NR","Not reported",""
"FS","Suite of Food Security Indicators","702","Singapore","6132","Value","210071","Number of severely food insecure people (million) (3-year average)","20152017","2015-2017","millions","<0.1","F","FAO estimate",""
"FS","Suite of Food Security Indicators","702","Singapore","6132","Value","210071","Number of severely food insecure people (million) (3-year average)","20162018","2016-2018","millions","<0.1","F","FAO estimate",""
"FS","Suite of Food Security Indicators","702","Singapore","6132","Value","210071","Number of severely food insecure people (million) (3-year average)","20172019","2017-2019","millions","<0.1","F","FAO estimate",""
"FS","Suite of Food Security Indicators","702","Singapore","6132","Value","210071","Number of severely food insecure people (million) (3-year average)","20182020","2018-2020","millions","<0.1","F","FAO estimate",""
"FS","Suite of Food Security Indicators","144","Sri Lanka","6132","Value","210071","Number of severely food insecure people (million) (3-year average)","20152017","2015-2017","millions","","NR","Not reported",""
"FS","Suite of Food Security Indicators","144","Sri Lanka","6132","Value","210071","Number of severely food insecure people (million) (3-year average)","20162018","2016-2018","millions","","NR","Not reported",""
"FS","Suite of Food Security Indicators","144","Sri Lanka","6132","Value","210071","Number of severely food insecure people (million) (3-year average)","20172019","2017-2019","millions","","NR","Not reported",""
"FS","Suite of Food Security Indicators","144","Sri Lanka","6132","Value","210071","Number of severely food insecure people (million) (3-year average)","20182020","2018-2020","millions","","NR","Not reported",""
"FS","Suite of Food Security Indicators","760","Syrian Arab Republic","6132","Value","210071","Number of severely food insecure people (million) (3-year average)","20152017","2015-2017","millions","","NV","Data not available",""
"FS","Suite of Food Security Indicators","760","Syrian Arab Republic","6132","Value","210071","Number of severely food insecure people (million) (3-year average)","20162018","2016-2018","millions","","NV","Data not available",""
"FS","Suite of Food Security Indicators","760","Syrian Arab Republic","6132","Value","210071","Number of severely food insecure people (million) (3-year average)","20172019","2017-2019","millions","","NV","Data not available",""
"FS","Suite of Food Security Indicators","760","Syrian Arab Republic","6132","Value","210071","Number of severely food insecure people (million) (3-year average)","20182020","2018-2020","millions","","NV","Data not available",""
"FS","Suite of Food Security Indicators","762","Tajikistan","6132","Value","210071","Number of severely food insecure people (million) (3-year average)","20152017","2015-2017","millions","","NR","Not reported",""
"FS","Suite of Food Security Indicators","762","Tajikistan","6132","Value","210071","Number of severely food insecure people (million) (3-year average)","20162018","2016-2018","millions","","NR","Not reported",""
"FS","Suite of Food Security Indicators","762","Tajikistan","6132","Value","210071","Number of severely food insecure people (million) (3-year average)","20172019","2017-2019","millions","","NR","Not reported",""
"FS","Suite of Food Security Indicators","762","Tajikistan","6132","Value","210071","Number of severely food insecure people (million) (3-year average)","20182020","2018-2020","millions","","NR","Not reported",""
"FS","Suite of Food Security Indicators","764","Thailand","6132","Value","210071","Number of severely food insecure people (million) (3-year average)","20152017","2015-2017","millions","4","F","FAO estimate",""
"FS","Suite of Food Security Indicators","764","Thailand","6132","Value","210071","Number of severely food insecure people (million) (3-year average)","20162018","2016-2018","millions","5","F","FAO estimate",""
"FS","Suite of Food Security Indicators","764","Thailand","6132","Value","210071","Number of severely food insecure people (million) (3-year average)","20172019","2017-2019","millions","5.4","F","FAO estimate",""
"FS","Suite of Food Security Indicators","764","Thailand","6132","Value","210071","Number of severely food insecure people (million) (3-year average)","20182020","2018-2020","millions","5.9","F","FAO estimate",""
"FS","Suite of Food Security Indicators","626","Timor-Leste","6132","Value","210071","Number of severely food insecure people (million) (3-year average)","20152017","2015-2017","millions","","NV","Data not available",""
"FS","Suite of Food Security Indicators","626","Timor-Leste","6132","Value","210071","Number of severely food insecure people (million) (3-year average)","20162018","2016-2018","millions","","NV","Data not available",""
"FS","Suite of Food Security Indicators","626","Timor-Leste","6132","Value","210071","Number of severely food insecure people (million) (3-year average)","20172019","2017-2019","millions","","NV","Data not available",""
"FS","Suite of Food Security Indicators","626","Timor-Leste","6132","Value","210071","Number of severely food insecure people (million) (3-year average)","20182020","2018-2020","millions","","NV","Data not available",""
"FS","Suite of Food Security Indicators","792","Turkey","6132","Value","210071","Number of severely food insecure people (million) (3-year average)","20152017","2015-2017","millions","","NR","Not reported",""
"FS","Suite of Food Security Indicators","792","Turkey","6132","Value","210071","Number of severely food insecure people (million) (3-year average)","20162018","2016-2018","millions","","NR","Not reported",""
"FS","Suite of Food Security Indicators","792","Turkey","6132","Value","210071","Number of severely food insecure people (million) (3-year average)","20172019","2017-2019","millions","","NR","Not reported",""
"FS","Suite of Food Security Indicators","792","Turkey","6132","Value","210071","Number of severely food insecure people (million) (3-year average)","20182020","2018-2020","millions","","NR","Not reported",""
"FS","Suite of Food Security Indicators","795","Turkmenistan","6132","Value","210071","Number of severely food insecure people (million) (3-year average)","20152017","2015-2017","millions","","NV","Data not available",""
"FS","Suite of Food Security Indicators","795","Turkmenistan","6132","Value","210071","Number of severely food insecure people (million) (3-year average)","20162018","2016-2018","millions","","NV","Data not available",""
"FS","Suite of Food Security Indicators","795","Turkmenistan","6132","Value","210071","Number of severely food insecure people (million) (3-year average)","20172019","2017-2019","millions","","NV","Data not available",""
"FS","Suite of Food Security Indicators","795","Turkmenistan","6132","Value","210071","Number of severely food insecure people (million) (3-year average)","20182020","2018-2020","millions","","NV","Data not available",""
"FS","Suite of Food Security Indicators","784","United Arab Emirates","6132","Value","210071","Number of severely food insecure people (million) (3-year average)","20152017","2015-2017","millions","","NR","Not reported",""
"FS","Suite of Food Security Indicators","784","United Arab Emirates","6132","Value","210071","Number of severely food insecure people (million) (3-year average)","20162018","2016-2018","millions","","NR","Not reported",""
"FS","Suite of Food Security Indicators","784","United Arab Emirates","6132","Value","210071","Number of severely food insecure people (million) (3-year average)","20172019","2017-2019","millions","","NR","Not reported",""
"FS","Suite of Food Security Indicators","784","United Arab Emirates","6132","Value","210071","Number of severely food insecure people (million) (3-year average)","20182020","2018-2020","millions","","NR","Not reported",""
"FS","Suite of Food Security Indicators","860","Uzbekistan","6132","Value","210071","Number of severely food insecure people (million) (3-year average)","20152017","2015-2017","millions","0.7","F","FAO estimate",""
"FS","Suite of Food Security Indicators","860","Uzbekistan","6132","Value","210071","Number of severely food insecure people (million) (3-year average)","20162018","2016-2018","millions","0.7","F","FAO estimate",""
"FS","Suite of Food Security Indicators","860","Uzbekistan","6132","Value","210071","Number of severely food insecure people (million) (3-year average)","20172019","2017-2019","millions","0.9","F","FAO estimate",""
"FS","Suite of Food Security Indicators","860","Uzbekistan","6132","Value","210071","Number of severely food insecure people (million) (3-year average)","20182020","2018-2020","millions","1.3","F","FAO estimate",""
"FS","Suite of Food Security Indicators","704","Viet Nam","6132","Value","210071","Number of severely food insecure people (million) (3-year average)","20152017","2015-2017","millions","","NV","Data not available",""
"FS","Suite of Food Security Indicators","704","Viet Nam","6132","Value","210071","Number of severely food insecure people (million) (3-year average)","20162018","2016-2018","millions","0.4","F","FAO estimate",""
"FS","Suite of Food Security Indicators","704","Viet Nam","6132","Value","210071","Number of severely food insecure people (million) (3-year average)","20172019","2017-2019","millions","0.4","F","FAO estimate",""
"FS","Suite of Food Security Indicators","704","Viet Nam","6132","Value","210071","Number of severely food insecure people (million) (3-year average)","20182020","2018-2020","millions","0.5","F","FAO estimate",""
"FS","Suite of Food Security Indicators","887","Yemen","6132","Value","210071","Number of severely food insecure people (million) (3-year average)","20152017","2015-2017","millions","","NV","Data not available",""
"FS","Suite of Food Security Indicators","887","Yemen","6132","Value","210071","Number of severely food insecure people (million) (3-year average)","20162018","2016-2018","millions","","NV","Data not available",""
"FS","Suite of Food Security Indicators","887","Yemen","6132","Value","210071","Number of severely food insecure people (million) (3-year average)","20172019","2017-2019","millions","","NV","Data not available",""
"FS","Suite of Food Security Indicators","887","Yemen","6132","Value","210071","Number of severely food insecure people (million) (3-year average)","20182020","2018-2020","millions","","NV","Data not available",""
"FS","Suite of Food Security Indicators","142","Asia","6132","Value","210071","Number of severely food insecure people (million) (3-year average)","20152017","2015-2017","millions","317.2","F","FAO estimate",""
"FS","Suite of Food Security Indicators","142","Asia","6132","Value","210071","Number of severely food insecure people (million) (3-year average)","20162018","2016-2018","millions","342","F","FAO estimate",""
"FS","Suite of Food Security Indicators","142","Asia","6132","Value","210071","Number of severely food insecure people (million) (3-year average)","20172019","2017-2019","millions","377.6","F","FAO estimate",""
"FS","Suite of Food Security Indicators","142","Asia","6132","Value","210071","Number of severely food insecure people (million) (3-year average)","20182020","2018-2020","millions","426.8","F","FAO estimate",""
"FS","Suite of Food Security Indicators","142","Asia","6132","Value","210070","Number of severely food insecure people (million) (annual value)","2016","2016","millions","308","F","FAO estimate",""
"FS","Suite of Food Security Indicators","142","Asia","6132","Value","210070","Number of severely food insecure people (million) (annual value)","2017","2017","millions","323.7","F","FAO estimate",""
"FS","Suite of Food Security Indicators","142","Asia","6132","Value","210070","Number of severely food insecure people (million) (annual value)","2018","2018","millions","394.5","F","FAO estimate",""
"FS","Suite of Food Security Indicators","142","Asia","6132","Value","210070","Number of severely food insecure people (million) (annual value)","2019","2019","millions","414.7","F","FAO estimate",""
"FS","Suite of Food Security Indicators","142","Asia","6132","Value","210070","Number of severely food insecure people (million) (annual value)","2020","2020","millions","471.1","F","FAO estimate",""
